{"cameraMode":{"drawMode":0,"name":"Shaded","section":"Shading Mode"},"sceneLighting":false,"audioPlay":false,"sceneViewState":{"m_AlwaysRefresh":false,"showFog":true,"showSkybox":false,"showFlares":true,"showImageEffects":true,"showParticleSystems":true,"showVisualEffectGraphs":true,"m_FxEnabled":true},"in2DMode":false,"pivot":{"x":0.38429999351501467,"y":-0.6222000122070313,"z":-0.00033853761851787567},"rotation":{"x":0.1301089972257614,"y":-0.017845775932073594,"z":0.00234211515635252,"w":0.9913369417190552},"size":0.11982186138629914,"orthographic":false}