{"cameraMode":{"drawMode":0,"name":"Shaded","section":"Shading Mode"},"sceneLighting":true,"audioPlay":false,"sceneViewState":{"m_AlwaysRefresh":false,"showFog":true,"showSkybox":true,"showFlares":true,"showImageEffects":true,"showParticleSystems":true,"showVisualEffectGraphs":true,"m_FxEnabled":true},"in2DMode":false,"pivot":{"x":-0.08900001645088196,"y":1.7286300659179688,"z":-0.3779999911785126},"rotation":{"x":0.228215754032135,"y":0.006571811158210039,"z":-0.0015404790174216033,"w":0.973586916923523},"size":0.10156676918268204,"orthographic":true}