{"cameraMode":{"drawMode":0,"name":"Shaded","section":"Shading Mode"},"sceneLighting":true,"audioPlay":false,"sceneViewState":{"m_AlwaysRefresh":false,"showFog":true,"showSkybox":true,"showFlares":true,"showImageEffects":true,"showParticleSystems":true,"showVisualEffectGraphs":true,"m_FxEnabled":true},"in2DMode":false,"pivot":{"x":0.3319999873638153,"y":1.600000023841858,"z":-0.23899999260902406},"rotation":{"x":0.09584420174360275,"y":0.013437557965517044,"z":-0.0012939459411427379,"w":0.9953057765960693},"size":0.20649312436580659,"orthographic":false}